{
  "config": {
    "board_size": 19,
    "num_blocks": 6,
    "num_filters": 128,
    "input_planes": 27,
    "batch_size": 256,
    "learning_rate": 0.001,
    "max_games": 10000,
    "max_positions": 300000,
    "total_positions": 300000,
    "epochs": 20
  },
  "train_losses": [
    6.099544235880341,
    4.999905653135471,
    4.786444185808372,
    4.752111695276052,
    4.664607906793531,
    4.579045640122834,
    4.55945779926969,
    4.511795937958487,
    4.464088790676605,
    4.416915028920106,
    4.369862837136075,
    4.330796706168008,
    4.280922098521373,
    4.2414989353921175,
    4.202781657133057,
    4.167830319427201,
    4.133871952617338,
    4.114380366429334,
    4.095247008789207,
    4.097234175442519
  ],
  "val_accuracies": [
    0.16363333333333333,
    0.17053333333333334,
    0.17123333333333332,
    0.19896666666666665,
    0.18706666666666666,
    0.2,
    0.20063333333333333,
    0.19946666666666665,
    0.20973333333333333,
    0.20626666666666665,
    0.20456666666666667,
    0.21433333333333332,
    0.21896666666666667,
    0.21396666666666667,
    0.22143333333333334,
    0.22393333333333335,
    0.22313333333333332,
    0.22676666666666667,
    0.2236,
    0.2246
  ],
  "learning_rates": 1e-05,
  "total_batches": 21100,
  "best_accuracy": 0.22676666666666667,
  "final_loss": 4.097234175442519,
  "training_duration": "0:26:39.517940"
}