{
  "config": {
    "board_size": 19,
    "num_blocks": 6,
    "num_filters": 128,
    "input_planes": 27,
    "batch_size": 256,
    "learning_rate": 0.001,
    "max_games": 10000,
    "max_positions": 300000,
    "total_positions": 300000,
    "epochs": 20
  },
  "train_losses": [
    5.99634103323046,
    4.988115500047874,
    4.761411854441132,
    4.758232413648994,
    4.664745649907261,
    4.598843673055206,
    4.576198198671024,
    4.524905603869831,
    4.4678143184896895,
    4.413648685346847,
    4.371619678786581,
    4.316827454951137,
    4.260183221807977,
    4.215114673054049,
    4.170685089029972,
    4.128642413288496,
    4.08958821816467,
    4.068594627470767,
    4.046485154662652,
    4.045035594560524
  ],
  "val_accuracies": [
    0.15963333333333332,
    0.17663333333333334,
    0.1805,
    0.1903,
    0.1959,
    0.19603333333333334,
    0.2091,
    0.21116666666666667,
    0.212,
    0.2184,
    0.2135,
    0.21623333333333333,
    0.21306666666666665,
    0.2201,
    0.226,
    0.22253333333333333,
    0.2217,
    0.22723333333333334,
    0.23023333333333335,
    0.22893333333333332
  ],
  "learning_rates": 1e-05,
  "total_batches": 21100,
  "best_accuracy": 0.23023333333333335,
  "final_loss": 4.045035594560524,
  "training_duration": "0:42:30.273293"
}