{
  "config": {
    "board_size": 19,
    "num_blocks": 6,
    "num_filters": 128,
    "input_planes": 27,
    "batch_size": 512,
    "learning_rate": 0.001,
    "max_games": 5000,
    "max_positions": 300000,
    "total_positions": 300000,
    "epochs": 15
  },
  "train_losses": [
    6.384076770507928,
    5.061856230099996,
    4.38772181579561,
    4.013366416096687,
    3.800958716959664,
    3.652542889569745,
    3.5364974181760442,
    3.438439324949727,
    3.3478480460065785,
    3.2667468479185393,
    3.193542145418398,
    3.1327745801571645,
    3.0846564196275943,
    3.0505553515571537,
    3.032246248288588
  ],
  "val_accuracies": [
    0.12443333333333334,
    0.1665,
    0.17456666666666668,
    0.18676666666666666,
    0.1964,
    0.19393333333333335,
    0.19183333333333333,
    0.20503333333333335,
    0.20133333333333334,
    0.2013,
    0.21453333333333333,
    0.21363333333333334,
    0.2097,
    0.21146666666666666,
    0.21753333333333333
  ],
  "learning_rates": 1e-05,
  "total_batches": 7920,
  "best_accuracy": 0.21753333333333333,
  "final_loss": 3.032246248288588,
  "training_duration": "0:19:44.918668"
}